filesystem,mount_options,shape,crash_points,states,findings
ext4,data=ordered,single,26,45,0
ext4,data=ordered,large,26,45,0
ext4,data=ordered,many,25,43,0
ext4,data=ordered,mixed,23,40,0
ext4,data=ordered,concurrent,26,45,0
ext4,data=journal,single,26,38,0
ext4,data=journal,large,26,38,0
ext4,data=journal,many,25,36,0
ext4,data=journal,mixed,23,33,0
ext4,data=journal,concurrent,26,38,0
xfs,default,single,26,45,0
xfs,default,large,26,45,0
xfs,default,many,25,43,0
xfs,default,mixed,23,40,0
xfs,default,concurrent,26,45,0
btrfs,default,single,26,45,0
btrfs,default,large,26,45,0
btrfs,default,many,25,43,0
btrfs,default,mixed,23,40,0
btrfs,default,concurrent,26,45,0
